{"inputUnits":[34],"outputUnits":3,"inputs":{"0":{"dtype":"number","min":275.78398797298684,"max":322.85789103823413},"1":{"dtype":"number","min":5.918378421768608,"max":145.72197940099102},"2":{"dtype":"number","min":282.22718947592415,"max":334.25248557955376},"3":{"dtype":"number","min":-13.653868441451849,"max":142.3537222420659},"4":{"dtype":"number","min":265.4017882588309,"max":311.28508334029976},"5":{"dtype":"number","min":-7.825272853272438,"max":140.38198745668166},"6":{"dtype":"number","min":296.7536730339555,"max":351.88947506915736},"7":{"dtype":"number","min":-13.987132269120863,"max":142.3535108751824},"8":{"dtype":"number","min":245.35395403316514,"max":296.6067849244589},"9":{"dtype":"number","min":-5.694285589433363,"max":143.3152254453429},"10":{"dtype":"number","min":319.11915137146235,"max":386.635875182393},"11":{"dtype":"number","min":81.1433127139793,"max":182.71296994695405},"12":{"dtype":"number","min":201.47903442382812,"max":278.58074692900544},"13":{"dtype":"number","min":83.54410817187122,"max":186.91802503533864},"14":{"dtype":"number","min":332.60421337320645,"max":454.9207682924976},"15":{"dtype":"number","min":164.63684200776692,"max":247.4719137347626},"16":{"dtype":"number","min":119.10906324126842,"max":261.43441998077276},"17":{"dtype":"number","min":187.20064630768178,"max":246.44049321631047},"18":{"dtype":"number","min":332.89193832456834,"max":514.2825400504621},"19":{"dtype":"number","min":101.44991388580678,"max":371.97714957745626},"20":{"dtype":"number","min":10.995112912664155,"max":262.20247617491486},"21":{"dtype":"number","min":107.99908589760153,"max":368.3867232623267},"22":{"dtype":"number","min":302.2968859245805,"max":365.99985501181754},"23":{"dtype":"number","min":285.284834687348,"max":419.4568678562743},"24":{"dtype":"number","min":215.38538832608828,"max":292.6414080074325},"25":{"dtype":"number","min":283.60823160015656,"max":406.9643820677286},"26":{"dtype":"number","min":298.12684292923154,"max":354.76924257983495},"27":{"dtype":"number","min":360.33367943670964,"max":550.0194065672878},"28":{"dtype":"number","min":148.35833597739847,"max":309.1889116457928},"29":{"dtype":"number","min":363.4063512898605,"max":557.9567007888616},"30":{"dtype":"number","min":297.42733966515686,"max":357.48902354258973},"31":{"dtype":"number","min":426.5087866875912,"max":584.148516821954},"32":{"dtype":"number","min":159.08135171066462,"max":333.8397038678715},"33":{"dtype":"number","min":427.92277770283624,"max":583.3360272715528}},"outputs":{"0":{"dtype":"string","min":0,"max":1,"uniqueValues":["Normal","Auxilio","Caída"],"legend":{"Normal":[1,0,0],"Auxilio":[0,1,0],"Caída":[0,0,1]}}},"isNormalized":true}